{
  "hist_mean_monthly": 0.04463016986846924,
  "hist_median_monthly": 0.0016547198174521327,
  "hist_max_monthly": 0.5736439824104309,
  "hist_std_monthly": 0.10049160569906235,
  "hist_cv": 0.00041540790698491037,
  "hist_p90_monthly": 0.06511344015598297,
  "hist_p75_monthly": 0.05815167352557182,
  "hist_months_active": 0.0,
  "sales_trend_slope": 0.00028351874789223075,
  "holiday_uplift_ratio": 0.00027017496176995337,
  "avg_jan_sales": 0.14637669920921326,
  "jan_ratio": 0.0,
  "dist_jan_seasonality": 0.0020933332853019238,
  "total_gaussian_poi_score": 0.0006457425188273191,
  "total_gravity_poi_score": 0.00021433841902762651,
  "total_exp_poi_score": 0.00022208591690286994,
  "total_poi_count": 0.0004952888702973723,
  "poi_count_bus_stop": 0.0002977880067192018,
  "poi_count_school": 9.010344365378842e-05,
  "poi_count_market": 0.00041970089660026133,
  "poi_count_hospital": 9.448015771340579e-05,
  "poi_count_restaurant": 0.00010546566045377403,
  "competitor_count": 0.0005418880609795451,
  "competitor_density_score": 0.00048329317360185087,
  "market_isolation_score": 0.0002919258549809456,
  "censoring_indicator": 0.0,
  "Outlet_Type_Convenience": 0.0006908873911015689,
  "Outlet_Type_Eatery": 8.979634003480896e-05,
  "Outlet_Type_Grocery": 0.00010102275700774044,
  "Outlet_Type_Kade": 8.824042015476152e-05,
  "Outlet_Type_Pharmacy": 1.829207394621335e-05,
  "Outlet_Type_Supermarket": 2.8798454877687618e-05,
  "Province_Central": 5.278992102830671e-05,
  "Province_North-Western": 0.00013099817442707717,
  "Province_Southern": 0.0011910953326150775,
  "Province_Western": 0.0005812498857267201
}